"filename", "language", "C++", "YAML", "Dart", "Markdown", "JSON", "HTML", "Swift", "XML", "Java Properties", "Properties", "comment", "blank", "total"
"c:\Users\jorge\Desktop\Proyectos Flutter\bombastik\.env", "Properties", 0, 0, 0, 0, 0, 0, 0, 0, 0, 5, 0, 0, 5
"c:\Users\jorge\Desktop\Proyectos Flutter\bombastik\README.md", "Markdown", 0, 0, 0, 2, 0, 0, 0, 0, 0, 0, 0, 2, 4
"c:\Users\jorge\Desktop\Proyectos Flutter\bombastik\analysis_options.yaml", "YAML", 0, 4, 0, 0, 0, 0, 0, 0, 0, 0, 0, 1, 5
"c:\Users\jorge\Desktop\Proyectos Flutter\bombastik\android\app\google-services.json", "JSON", 0, 0, 0, 0, 29, 0, 0, 0, 0, 0, 0, 0, 29
"c:\Users\jorge\Desktop\Proyectos Flutter\bombastik\android\app\src\debug\AndroidManifest.xml", "XML", 0, 0, 0, 0, 0, 0, 0, 3, 0, 0, 4, 1, 8
"c:\Users\jorge\Desktop\Proyectos Flutter\bombastik\android\app\src\main\AndroidManifest.xml", "XML", 0, 0, 0, 0, 0, 0, 0, 38, 0, 0, 11, 1, 50
"c:\Users\jorge\Desktop\Proyectos Flutter\bombastik\android\app\src\main\res\drawable-v21\launch_background.xml", "XML", 0, 0, 0, 0, 0, 0, 0, 4, 0, 0, 7, 2, 13
"c:\Users\jorge\Desktop\Proyectos Flutter\bombastik\android\app\src\main\res\drawable\launch_background.xml", "XML", 0, 0, 0, 0, 0, 0, 0, 4, 0, 0, 7, 2, 13
"c:\Users\jorge\Desktop\Proyectos Flutter\bombastik\android\app\src\main\res\values-night\styles.xml", "XML", 0, 0, 0, 0, 0, 0, 0, 9, 0, 0, 9, 1, 19
"c:\Users\jorge\Desktop\Proyectos Flutter\bombastik\android\app\src\main\res\values\styles.xml", "XML", 0, 0, 0, 0, 0, 0, 0, 9, 0, 0, 9, 1, 19
"c:\Users\jorge\Desktop\Proyectos Flutter\bombastik\android\app\src\profile\AndroidManifest.xml", "XML", 0, 0, 0, 0, 0, 0, 0, 3, 0, 0, 4, 1, 8
"c:\Users\jorge\Desktop\Proyectos Flutter\bombastik\android\gradle.properties", "Java Properties", 0, 0, 0, 0, 0, 0, 0, 0, 3, 0, 0, 1, 4
"c:\Users\jorge\Desktop\Proyectos Flutter\bombastik\android\gradle\wrapper\gradle-wrapper.properties", "Java Properties", 0, 0, 0, 0, 0, 0, 0, 0, 5, 0, 0, 1, 6
"c:\Users\jorge\Desktop\Proyectos Flutter\bombastik\assets\images\In no time-amico.svg", "XML", 0, 0, 0, 0, 0, 0, 0, 1, 0, 0, 0, 0, 1
"c:\Users\jorge\Desktop\Proyectos Flutter\bombastik\assets\images\loginamico.svg", "XML", 0, 0, 0, 0, 0, 0, 0, 1, 0, 0, 0, 0, 1
"c:\Users\jorge\Desktop\Proyectos Flutter\bombastik\assets\images\mobile_register2_pana.svg", "XML", 0, 0, 0, 0, 0, 0, 0, 1, 0, 0, 0, 0, 1
"c:\Users\jorge\Desktop\Proyectos Flutter\bombastik\firebase.json", "JSON", 0, 0, 0, 0, 1, 0, 0, 0, 0, 0, 0, 0, 1
"c:\Users\jorge\Desktop\Proyectos Flutter\bombastik\ios\RunnerTests\RunnerTests.swift", "Swift", 0, 0, 0, 0, 0, 0, 7, 0, 0, 0, 2, 4, 13
"c:\Users\jorge\Desktop\Proyectos Flutter\bombastik\ios\Runner\AppDelegate.swift", "Swift", 0, 0, 0, 0, 0, 0, 12, 0, 0, 0, 0, 2, 14
"c:\Users\jorge\Desktop\Proyectos Flutter\bombastik\ios\Runner\Assets.xcassets\AppIcon.appiconset\Contents.json", "JSON", 0, 0, 0, 0, 122, 0, 0, 0, 0, 0, 0, 1, 123
"c:\Users\jorge\Desktop\Proyectos Flutter\bombastik\ios\Runner\Assets.xcassets\LaunchImage.imageset\Contents.json", "JSON", 0, 0, 0, 0, 23, 0, 0, 0, 0, 0, 0, 1, 24
"c:\Users\jorge\Desktop\Proyectos Flutter\bombastik\ios\Runner\Assets.xcassets\LaunchImage.imageset\README.md", "Markdown", 0, 0, 0, 3, 0, 0, 0, 0, 0, 0, 0, 2, 5
"c:\Users\jorge\Desktop\Proyectos Flutter\bombastik\ios\Runner\Base.lproj\LaunchScreen.storyboard", "XML", 0, 0, 0, 0, 0, 0, 0, 36, 0, 0, 1, 1, 38
"c:\Users\jorge\Desktop\Proyectos Flutter\bombastik\ios\Runner\Base.lproj\Main.storyboard", "XML", 0, 0, 0, 0, 0, 0, 0, 25, 0, 0, 1, 1, 27
"c:\Users\jorge\Desktop\Proyectos Flutter\bombastik\ios\Runner\Runner-Bridging-Header.h", "C++", 1, 0, 0, 0, 0, 0, 0, 0, 0, 0, 0, 1, 2
"c:\Users\jorge\Desktop\Proyectos Flutter\bombastik\lib\config\api_keys.dart", "Dart", 0, 0, 3, 0, 0, 0, 0, 0, 0, 0, 0, 0, 3
"c:\Users\jorge\Desktop\Proyectos Flutter\bombastik\lib\config\firebase_options.dart", "Dart", 0, 0, 70, 0, 0, 0, 0, 0, 0, 0, 12, 7, 89
"c:\Users\jorge\Desktop\Proyectos Flutter\bombastik\lib\config\router\app_router.dart", "Dart", 0, 0, 214, 0, 0, 0, 0, 0, 0, 0, 6, 3, 223
"c:\Users\jorge\Desktop\Proyectos Flutter\bombastik\lib\config\router\app_router.g.dart", "Dart", 0, 0, 13, 0, 0, 0, 0, 0, 0, 0, 8, 6, 27
"c:\Users\jorge\Desktop\Proyectos Flutter\bombastik\lib\config\secure_config.dart", "Dart", 0, 0, 22, 0, 0, 0, 0, 0, 0, 0, 10, 5, 37
"c:\Users\jorge\Desktop\Proyectos Flutter\bombastik\lib\config\themes\app_theme.dart", "Dart", 0, 0, 253, 0, 0, 0, 0, 0, 0, 0, 12, 21, 286
"c:\Users\jorge\Desktop\Proyectos Flutter\bombastik\lib\domain\models\chat_message.dart", "Dart", 0, 0, 49, 0, 0, 0, 0, 0, 0, 0, 0, 7, 56
"c:\Users\jorge\Desktop\Proyectos Flutter\bombastik\lib\domain\models\commerce.dart", "Dart", 0, 0, 92, 0, 0, 0, 0, 0, 0, 0, 0, 5, 97
"c:\Users\jorge\Desktop\Proyectos Flutter\bombastik\lib\domain\models\commerce_profile.dart", "Dart", 0, 0, 124, 0, 0, 0, 0, 0, 0, 0, 4, 11, 139
"c:\Users\jorge\Desktop\Proyectos Flutter\bombastik\lib\domain\models\commerce_stats.dart", "Dart", 0, 0, 121, 0, 0, 0, 0, 0, 0, 0, 0, 11, 132
"c:\Users\jorge\Desktop\Proyectos Flutter\bombastik\lib\domain\models\order.dart", "Dart", 0, 0, 164, 0, 0, 0, 0, 0, 0, 0, 0, 11, 175
"c:\Users\jorge\Desktop\Proyectos Flutter\bombastik\lib\domain\models\product.dart", "Dart", 0, 0, 125, 0, 0, 0, 0, 0, 0, 0, 0, 7, 132
"c:\Users\jorge\Desktop\Proyectos Flutter\bombastik\lib\domain\models\products_state.dart", "Dart", 0, 0, 30, 0, 0, 0, 0, 0, 0, 0, 0, 4, 34
"c:\Users\jorge\Desktop\Proyectos Flutter\bombastik\lib\domain\models\promotion.dart", "Dart", 0, 0, 181, 0, 0, 0, 0, 0, 0, 0, 5, 16, 202
"c:\Users\jorge\Desktop\Proyectos Flutter\bombastik\lib\domain\models\user_profile.dart", "Dart", 0, 0, 79, 0, 0, 0, 0, 0, 0, 0, 3, 8, 90
"c:\Users\jorge\Desktop\Proyectos Flutter\bombastik\lib\domain\providers\commerce_profile_provider.dart", "Dart", 0, 0, 105, 0, 0, 0, 0, 0, 0, 0, 1, 22, 128
"c:\Users\jorge\Desktop\Proyectos Flutter\bombastik\lib\domain\providers\commerce_profile_provider.g.dart", "Dart", 0, 0, 19, 0, 0, 0, 0, 0, 0, 0, 7, 6, 32
"c:\Users\jorge\Desktop\Proyectos Flutter\bombastik\lib\domain\repositories\commerce_repository.dart", "Dart", 0, 0, 41, 0, 0, 0, 0, 0, 0, 0, 0, 7, 48
"c:\Users\jorge\Desktop\Proyectos Flutter\bombastik\lib\domain\repositories\order_repository.dart", "Dart", 0, 0, 97, 0, 0, 0, 0, 0, 0, 0, 2, 15, 114
"c:\Users\jorge\Desktop\Proyectos Flutter\bombastik\lib\domain\repositories\product_repository.dart", "Dart", 0, 0, 132, 0, 0, 0, 0, 0, 0, 0, 0, 18, 150
"c:\Users\jorge\Desktop\Proyectos Flutter\bombastik\lib\domain\repositories\profile_repository.dart", "Dart", 0, 0, 5, 0, 0, 0, 0, 0, 0, 0, 0, 2, 7
"c:\Users\jorge\Desktop\Proyectos Flutter\bombastik\lib\domain\repositories\profile_repository_impl.dart", "Dart", 0, 0, 21, 0, 0, 0, 0, 0, 0, 0, 0, 5, 26
"c:\Users\jorge\Desktop\Proyectos Flutter\bombastik\lib\domain\repositories\promotion_repository.dart", "Dart", 0, 0, 218, 0, 0, 0, 0, 0, 0, 0, 6, 33, 257
"c:\Users\jorge\Desktop\Proyectos Flutter\bombastik\lib\domain\repositories\stats_repository.dart", "Dart", 0, 0, 207, 0, 0, 0, 0, 0, 0, 0, 4, 33, 244
"c:\Users\jorge\Desktop\Proyectos Flutter\bombastik\lib\domain\repositories\user_repository.dart", "Dart", 0, 0, 44, 0, 0, 0, 0, 0, 0, 0, 1, 9, 54
"c:\Users\jorge\Desktop\Proyectos Flutter\bombastik\lib\domain\use_cases\client_login.dart", "Dart", 0, 0, 50, 0, 0, 0, 0, 0, 0, 0, 1, 7, 58
"c:\Users\jorge\Desktop\Proyectos Flutter\bombastik\lib\domain\use_cases\commerce_login.dart", "Dart", 0, 0, 73, 0, 0, 0, 0, 0, 0, 0, 4, 13, 90
"c:\Users\jorge\Desktop\Proyectos Flutter\bombastik\lib\domain\use_cases\product_controller.dart", "Dart", 0, 0, 65, 0, 0, 0, 0, 0, 0, 0, 0, 12, 77
"c:\Users\jorge\Desktop\Proyectos Flutter\bombastik\lib\infrastructure\services\auth_service.dart", "Dart", 0, 0, 82, 0, 0, 0, 0, 0, 0, 0, 10, 15, 107
"c:\Users\jorge\Desktop\Proyectos Flutter\bombastik\lib\infrastructure\services\email_service.dart", "Dart", 0, 0, 14, 0, 0, 0, 0, 0, 0, 0, 7, 5, 26
"c:\Users\jorge\Desktop\Proyectos Flutter\bombastik\lib\infrastructure\services\firestore_service.dart", "Dart", 0, 0, 21, 0, 0, 0, 0, 0, 0, 0, 1, 5, 27
"c:\Users\jorge\Desktop\Proyectos Flutter\bombastik\lib\infrastructure\services\gemini_service.dart", "Dart", 0, 0, 59, 0, 0, 0, 0, 0, 0, 0, 0, 8, 67
"c:\Users\jorge\Desktop\Proyectos Flutter\bombastik\lib\infrastructure\services\imgbb_service.dart", "Dart", 0, 0, 144, 0, 0, 0, 0, 0, 0, 0, 7, 25, 176
"c:\Users\jorge\Desktop\Proyectos Flutter\bombastik\lib\infrastructure\services\local_storage_service.dart", "Dart", 0, 0, 21, 0, 0, 0, 0, 0, 0, 0, 5, 6, 32
"c:\Users\jorge\Desktop\Proyectos Flutter\bombastik\lib\main.dart", "Dart", 0, 0, 50, 0, 0, 0, 0, 0, 0, 0, 0, 9, 59
"c:\Users\jorge\Desktop\Proyectos Flutter\bombastik\lib\presentation\providers\client-providers\auth_provider.dart", "Dart", 0, 0, 5, 0, 0, 0, 0, 0, 0, 0, 1, 2, 8
"c:\Users\jorge\Desktop\Proyectos Flutter\bombastik\lib\presentation\providers\client-providers\cart\cart_provider.dart", "Dart", 0, 0, 60, 0, 0, 0, 0, 0, 0, 0, 1, 13, 74
"c:\Users\jorge\Desktop\Proyectos Flutter\bombastik\lib\presentation\providers\client-providers\chat\chat_provider.dart", "Dart", 0, 0, 52, 0, 0, 0, 0, 0, 0, 0, 6, 10, 68
"c:\Users\jorge\Desktop\Proyectos Flutter\bombastik\lib\presentation\providers\client-providers\client_dashboard_provider.dart", "Dart", 0, 0, 34, 0, 0, 0, 0, 0, 0, 0, 9, 11, 54
"c:\Users\jorge\Desktop\Proyectos Flutter\bombastik\lib\presentation\providers\client-providers\components\theme_provider.dart", "Dart", 0, 0, 46, 0, 0, 0, 0, 0, 0, 0, 3, 9, 58
"c:\Users\jorge\Desktop\Proyectos Flutter\bombastik\lib\presentation\providers\client-providers\dashboard\dashboard_index_provider.dart", "Dart", 0, 0, 67, 0, 0, 0, 0, 0, 0, 0, 1, 9, 77
"c:\Users\jorge\Desktop\Proyectos Flutter\bombastik\lib\presentation\providers\client-providers\exit_provider.dart", "Dart", 0, 0, 2, 0, 0, 0, 0, 0, 0, 0, 1, 2, 5
"c:\Users\jorge\Desktop\Proyectos Flutter\bombastik\lib\presentation\providers\client-providers\favorites\favorites_provider.dart", "Dart", 0, 0, 24, 0, 0, 0, 0, 0, 0, 0, 1, 6, 31
"c:\Users\jorge\Desktop\Proyectos Flutter\bombastik\lib\presentation\providers\client-providers\home\commerce_provider.dart", "Dart", 0, 0, 39, 0, 0, 0, 0, 0, 0, 0, 0, 6, 45
"c:\Users\jorge\Desktop\Proyectos Flutter\bombastik\lib\presentation\providers\client-providers\home\home_provider.dart", "Dart", 0, 0, 157, 0, 0, 0, 0, 0, 0, 0, 6, 24, 187
"c:\Users\jorge\Desktop\Proyectos Flutter\bombastik\lib\presentation\providers\client-providers\profile\imgbb_service_provider.dart", "Dart", 0, 0, 17, 0, 0, 0, 0, 0, 0, 0, 0, 3, 20
"c:\Users\jorge\Desktop\Proyectos Flutter\bombastik\lib\presentation\providers\client-providers\profile\profile_provider.dart", "Dart", 0, 0, 147, 0, 0, 0, 0, 0, 0, 0, 7, 19, 173
"c:\Users\jorge\Desktop\Proyectos Flutter\bombastik\lib\presentation\providers\commerce-providers\orders\orders_provider.dart", "Dart", 0, 0, 42, 0, 0, 0, 0, 0, 0, 0, 2, 7, 51
"c:\Users\jorge\Desktop\Proyectos Flutter\bombastik\lib\presentation\providers\commerce-providers\products\products_provider.dart", "Dart", 0, 0, 113, 0, 0, 0, 0, 0, 0, 0, 4, 21, 138
"c:\Users\jorge\Desktop\Proyectos Flutter\bombastik\lib\presentation\providers\commerce-providers\promotions\promotions_provider.dart", "Dart", 0, 0, 118, 0, 0, 0, 0, 0, 0, 0, 5, 20, 143
"c:\Users\jorge\Desktop\Proyectos Flutter\bombastik\lib\presentation\providers\commerce-providers\stats\stats_provider.dart", "Dart", 0, 0, 78, 0, 0, 0, 0, 0, 0, 0, 10, 13, 101
"c:\Users\jorge\Desktop\Proyectos Flutter\bombastik\lib\presentation\providers\commerce_providers\auth\commerce_auth_provider.dart", "Dart", 0, 0, 0, 0, 0, 0, 0, 0, 0, 0, 0, 1, 1
"c:\Users\jorge\Desktop\Proyectos Flutter\bombastik\lib\presentation\providers\products_provider.dart", "Dart", 0, 0, 73, 0, 0, 0, 0, 0, 0, 0, 6, 15, 94
"c:\Users\jorge\Desktop\Proyectos Flutter\bombastik\lib\presentation\screens\client\cart\cart_screen.dart", "Dart", 0, 0, 318, 0, 0, 0, 0, 0, 0, 0, 1, 11, 330
"c:\Users\jorge\Desktop\Proyectos Flutter\bombastik\lib\presentation\screens\client\chat\chat_detail_screen.dart", "Dart", 0, 0, 0, 0, 0, 0, 0, 0, 0, 0, 0, 1, 1
"c:\Users\jorge\Desktop\Proyectos Flutter\bombastik\lib\presentation\screens\client\chat\chat_screen.dart", "Dart", 0, 0, 366, 0, 0, 0, 0, 0, 0, 0, 2, 14, 382
"c:\Users\jorge\Desktop\Proyectos Flutter\bombastik\lib\presentation\screens\client\client_dashboard\client_dashboard_screen.dart", "Dart", 0, 0, 63, 0, 0, 0, 0, 0, 0, 0, 1, 11, 75
"c:\Users\jorge\Desktop\Proyectos Flutter\bombastik\lib\presentation\screens\client\client_login_screen.dart", "Dart", 0, 0, 532, 0, 0, 0, 0, 0, 0, 0, 12, 32, 576
"c:\Users\jorge\Desktop\Proyectos Flutter\bombastik\lib\presentation\screens\client\client_onboarding_start_screen.dart", "Dart", 0, 0, 285, 0, 0, 0, 0, 0, 0, 0, 1, 12, 298
"c:\Users\jorge\Desktop\Proyectos Flutter\bombastik\lib\presentation\screens\client\client_signin_screen.dart", "Dart", 0, 0, 513, 0, 0, 0, 0, 0, 0, 0, 9, 25, 547
"c:\Users\jorge\Desktop\Proyectos Flutter\bombastik\lib\presentation\screens\client\client_start_screen.dart", "Dart", 0, 0, 204, 0, 0, 0, 0, 0, 0, 0, 3, 13, 220
"c:\Users\jorge\Desktop\Proyectos Flutter\bombastik\lib\presentation\screens\client\components\custom_bottom_navbar.dart", "Dart", 0, 0, 203, 0, 0, 0, 0, 0, 0, 0, 1, 9, 213
"c:\Users\jorge\Desktop\Proyectos Flutter\bombastik\lib\presentation\screens\client\components\dialogs\show_edit_profile_dialog.dart", "Dart", 0, 0, 314, 0, 0, 0, 0, 0, 0, 0, 4, 4, 322
"c:\Users\jorge\Desktop\Proyectos Flutter\bombastik\lib\presentation\screens\client\components\exit_confirmation_dialog.dart", "Dart", 0, 0, 72, 0, 0, 0, 0, 0, 0, 0, 1, 5, 78
"c:\Users\jorge\Desktop\Proyectos Flutter\bombastik\lib\presentation\screens\client\components\show_logout_confirmation.dart", "Dart", 0, 0, 47, 0, 0, 0, 0, 0, 0, 0, 2, 3, 52
"c:\Users\jorge\Desktop\Proyectos Flutter\bombastik\lib\presentation\screens\client\components\theme_switch.dart", "Dart", 0, 0, 101, 0, 0, 0, 0, 0, 0, 0, 3, 5, 109
"c:\Users\jorge\Desktop\Proyectos Flutter\bombastik\lib\presentation\screens\client\favorites\favorites_screen.dart", "Dart", 0, 0, 170, 0, 0, 0, 0, 0, 0, 0, 2, 10, 182
"c:\Users\jorge\Desktop\Proyectos Flutter\bombastik\lib\presentation\screens\client\home\components\category_grid.dart", "Dart", 0, 0, 140, 0, 0, 0, 0, 0, 0, 0, 1, 4, 145
"c:\Users\jorge\Desktop\Proyectos Flutter\bombastik\lib\presentation\screens\client\home\components\commerce_card.dart", "Dart", 0, 0, 204, 0, 0, 0, 0, 0, 0, 0, 3, 4, 211
"c:\Users\jorge\Desktop\Proyectos Flutter\bombastik\lib\presentation\screens\client\home\components\commerce_list.dart", "Dart", 0, 0, 184, 0, 0, 0, 0, 0, 0, 0, 2, 8, 194
"c:\Users\jorge\Desktop\Proyectos Flutter\bombastik\lib\presentation\screens\client\home\components\commerce_search_bar.dart", "Dart", 0, 0, 206, 0, 0, 0, 0, 0, 0, 0, 0, 10, 216
"c:\Users\jorge\Desktop\Proyectos Flutter\bombastik\lib\presentation\screens\client\home\components\search_bar.dart", "Dart", 0, 0, 206, 0, 0, 0, 0, 0, 0, 0, 0, 10, 216
"c:\Users\jorge\Desktop\Proyectos Flutter\bombastik\lib\presentation\screens\client\home\home_screen.dart", "Dart", 0, 0, 314, 0, 0, 0, 0, 0, 0, 0, 3, 16, 333
"c:\Users\jorge\Desktop\Proyectos Flutter\bombastik\lib\presentation\screens\client\profile\profile_avatar.dart", "Dart", 0, 0, 83, 0, 0, 0, 0, 0, 0, 0, 1, 9, 93
"c:\Users\jorge\Desktop\Proyectos Flutter\bombastik\lib\presentation\screens\client\profile\profile_option_card.dart", "Dart", 0, 0, 78, 0, 0, 0, 0, 0, 0, 0, 0, 4, 82
"c:\Users\jorge\Desktop\Proyectos Flutter\bombastik\lib\presentation\screens\client\profile\profile_screen.dart", "Dart", 0, 0, 417, 0, 0, 0, 0, 0, 0, 0, 2, 17, 436
"c:\Users\jorge\Desktop\Proyectos Flutter\bombastik\lib\presentation\screens\commerce\commerce_dashboard_screen.dart", "Dart", 0, 0, 208, 0, 0, 0, 0, 0, 0, 0, 3, 14, 225
"c:\Users\jorge\Desktop\Proyectos Flutter\bombastik\lib\presentation\screens\commerce\commerce_home_screen.dart", "Dart", 0, 0, 957, 0, 0, 0, 0, 0, 0, 0, 3, 33, 993
"c:\Users\jorge\Desktop\Proyectos Flutter\bombastik\lib\presentation\screens\commerce\commerce_login.dart", "Dart", 0, 0, 428, 0, 0, 0, 0, 0, 0, 0, 9, 14, 451
"c:\Users\jorge\Desktop\Proyectos Flutter\bombastik\lib\presentation\screens\commerce\commerce_signin_screen.dart", "Dart", 0, 0, 566, 0, 0, 0, 0, 0, 0, 0, 12, 35, 613
"c:\Users\jorge\Desktop\Proyectos Flutter\bombastik\lib\presentation\screens\commerce\components\exit_confirmation_dialog.dart", "Dart", 0, 0, 62, 0, 0, 0, 0, 0, 0, 0, 1, 4, 67
"c:\Users\jorge\Desktop\Proyectos Flutter\bombastik\lib\presentation\screens\commerce\components\show_exit_confirmation.dart", "Dart", 0, 0, 21, 0, 0, 0, 0, 0, 0, 0, 0, 2, 23
"c:\Users\jorge\Desktop\Proyectos Flutter\bombastik\lib\presentation\screens\commerce\components\show_logout_confirmation.dart", "Dart", 0, 0, 114, 0, 0, 0, 0, 0, 0, 0, 0, 3, 117
"c:\Users\jorge\Desktop\Proyectos Flutter\bombastik\lib\presentation\screens\commerce\orders\orders_screen.dart", "Dart", 0, 0, 715, 0, 0, 0, 0, 0, 0, 0, 0, 30, 745
"c:\Users\jorge\Desktop\Proyectos Flutter\bombastik\lib\presentation\screens\commerce\products\product_form_dialog.dart", "Dart", 0, 0, 590, 0, 0, 0, 0, 0, 0, 0, 2, 20, 612
"c:\Users\jorge\Desktop\Proyectos Flutter\bombastik\lib\presentation\screens\commerce\products\products_screen.dart", "Dart", 0, 0, 787, 0, 0, 0, 0, 0, 0, 0, 3, 21, 811
"c:\Users\jorge\Desktop\Proyectos Flutter\bombastik\lib\presentation\screens\commerce\profile\commerce_profile_screen.dart", "Dart", 0, 0, 844, 0, 0, 0, 0, 0, 0, 0, 2, 19, 865
"c:\Users\jorge\Desktop\Proyectos Flutter\bombastik\lib\presentation\screens\commerce\promotions\promotion_form_dialog.dart", "Dart", 0, 0, 619, 0, 0, 0, 0, 0, 0, 0, 3, 21, 643
"c:\Users\jorge\Desktop\Proyectos Flutter\bombastik\lib\presentation\screens\commerce\promotions\promotions_screen.dart", "Dart", 0, 0, 859, 0, 0, 0, 0, 0, 0, 0, 4, 34, 897
"c:\Users\jorge\Desktop\Proyectos Flutter\bombastik\lib\presentation\screens\commerce\stats\stats_screen.dart", "Dart", 0, 0, 1009, 0, 0, 0, 0, 0, 0, 0, 1, 23, 1033
"c:\Users\jorge\Desktop\Proyectos Flutter\bombastik\lib\presentation\screens\mode_selector_screen.dart", "Dart", 0, 0, 208, 0, 0, 0, 0, 0, 0, 0, 2, 8, 218
"c:\Users\jorge\Desktop\Proyectos Flutter\bombastik\lib\presentation\screens\splash_screen.dart", "Dart", 0, 0, 80, 0, 0, 0, 0, 0, 0, 0, 2, 12, 94
"c:\Users\jorge\Desktop\Proyectos Flutter\bombastik\lib\presentation\widgets\custom_password_field.dart", "Dart", 0, 0, 52, 0, 0, 0, 0, 0, 0, 0, 1, 4, 57
"c:\Users\jorge\Desktop\Proyectos Flutter\bombastik\lib\presentation\widgets\custom_text_field.dart", "Dart", 0, 0, 83, 0, 0, 0, 0, 0, 0, 0, 0, 4, 87
"c:\Users\jorge\Desktop\Proyectos Flutter\bombastik\lib\presentation\widgets\gradient_app_bar.dart", "Dart", 0, 0, 51, 0, 0, 0, 0, 0, 0, 0, 0, 4, 55
"c:\Users\jorge\Desktop\Proyectos Flutter\bombastik\lib\presentation\widgets\gradient_bottom_bar.dart", "Dart", 0, 0, 56, 0, 0, 0, 0, 0, 0, 0, 0, 3, 59
"c:\Users\jorge\Desktop\Proyectos Flutter\bombastik\lib\presentation\widgets\gradient_card.dart", "Dart", 0, 0, 63, 0, 0, 0, 0, 0, 0, 0, 0, 5, 68
"c:\Users\jorge\Desktop\Proyectos Flutter\bombastik\lib\presentation\widgets\gradient_sliver_app_bar.dart", "Dart", 0, 0, 55, 0, 0, 0, 0, 0, 0, 0, 0, 3, 58
"c:\Users\jorge\Desktop\Proyectos Flutter\bombastik\lib\presentation\widgets\widgets_methods.dart", "Dart", 0, 0, 0, 0, 0, 0, 0, 0, 0, 0, 0, 2, 2
"c:\Users\jorge\Desktop\Proyectos Flutter\bombastik\linux\flutter\generated_plugin_registrant.cc", "C++", 7, 0, 0, 0, 0, 0, 0, 0, 0, 0, 4, 5, 16
"c:\Users\jorge\Desktop\Proyectos Flutter\bombastik\linux\flutter\generated_plugin_registrant.h", "C++", 5, 0, 0, 0, 0, 0, 0, 0, 0, 0, 5, 6, 16
"c:\Users\jorge\Desktop\Proyectos Flutter\bombastik\linux\runner\main.cc", "C++", 5, 0, 0, 0, 0, 0, 0, 0, 0, 0, 0, 2, 7
"c:\Users\jorge\Desktop\Proyectos Flutter\bombastik\linux\runner\my_application.cc", "C++", 83, 0, 0, 0, 0, 0, 0, 0, 0, 0, 21, 27, 131
"c:\Users\jorge\Desktop\Proyectos Flutter\bombastik\linux\runner\my_application.h", "C++", 7, 0, 0, 0, 0, 0, 0, 0, 0, 0, 7, 5, 19
"c:\Users\jorge\Desktop\Proyectos Flutter\bombastik\macos\Flutter\GeneratedPluginRegistrant.swift", "Swift", 0, 0, 0, 0, 0, 0, 22, 0, 0, 0, 3, 4, 29
"c:\Users\jorge\Desktop\Proyectos Flutter\bombastik\macos\RunnerTests\RunnerTests.swift", "Swift", 0, 0, 0, 0, 0, 0, 7, 0, 0, 0, 2, 4, 13
"c:\Users\jorge\Desktop\Proyectos Flutter\bombastik\macos\Runner\AppDelegate.swift", "Swift", 0, 0, 0, 0, 0, 0, 11, 0, 0, 0, 0, 3, 14
"c:\Users\jorge\Desktop\Proyectos Flutter\bombastik\macos\Runner\Assets.xcassets\AppIcon.appiconset\Contents.json", "JSON", 0, 0, 0, 0, 68, 0, 0, 0, 0, 0, 0, 1, 69
"c:\Users\jorge\Desktop\Proyectos Flutter\bombastik\macos\Runner\Base.lproj\MainMenu.xib", "XML", 0, 0, 0, 0, 0, 0, 0, 343, 0, 0, 0, 1, 344
"c:\Users\jorge\Desktop\Proyectos Flutter\bombastik\macos\Runner\MainFlutterWindow.swift", "Swift", 0, 0, 0, 0, 0, 0, 12, 0, 0, 0, 0, 4, 16
"c:\Users\jorge\Desktop\Proyectos Flutter\bombastik\pubspec.yaml", "YAML", 0, 64, 0, 0, 0, 0, 0, 0, 0, 0, 17, 5, 86
"c:\Users\jorge\Desktop\Proyectos Flutter\bombastik\test\widget_test.dart", "Dart", 0, 0, 14, 0, 0, 0, 0, 0, 0, 0, 10, 7, 31
"c:\Users\jorge\Desktop\Proyectos Flutter\bombastik\web\index.html", "HTML", 0, 0, 0, 0, 0, 19, 0, 0, 0, 0, 15, 5, 39
"c:\Users\jorge\Desktop\Proyectos Flutter\bombastik\web\manifest.json", "JSON", 0, 0, 0, 0, 35, 0, 0, 0, 0, 0, 0, 1, 36
"c:\Users\jorge\Desktop\Proyectos Flutter\bombastik\windows\flutter\generated_plugin_registrant.cc", "C++", 18, 0, 0, 0, 0, 0, 0, 0, 0, 0, 4, 5, 27
"c:\Users\jorge\Desktop\Proyectos Flutter\bombastik\windows\flutter\generated_plugin_registrant.h", "C++", 5, 0, 0, 0, 0, 0, 0, 0, 0, 0, 5, 6, 16
"c:\Users\jorge\Desktop\Proyectos Flutter\bombastik\windows\runner\flutter_window.cpp", "C++", 49, 0, 0, 0, 0, 0, 0, 0, 0, 0, 7, 16, 72
"c:\Users\jorge\Desktop\Proyectos Flutter\bombastik\windows\runner\flutter_window.h", "C++", 20, 0, 0, 0, 0, 0, 0, 0, 0, 0, 5, 9, 34
"c:\Users\jorge\Desktop\Proyectos Flutter\bombastik\windows\runner\main.cpp", "C++", 30, 0, 0, 0, 0, 0, 0, 0, 0, 0, 4, 10, 44
"c:\Users\jorge\Desktop\Proyectos Flutter\bombastik\windows\runner\resource.h", "C++", 9, 0, 0, 0, 0, 0, 0, 0, 0, 0, 6, 2, 17
"c:\Users\jorge\Desktop\Proyectos Flutter\bombastik\windows\runner\utils.cpp", "C++", 54, 0, 0, 0, 0, 0, 0, 0, 0, 0, 2, 10, 66
"c:\Users\jorge\Desktop\Proyectos Flutter\bombastik\windows\runner\utils.h", "C++", 8, 0, 0, 0, 0, 0, 0, 0, 0, 0, 6, 6, 20
"c:\Users\jorge\Desktop\Proyectos Flutter\bombastik\windows\runner\win32_window.cpp", "C++", 210, 0, 0, 0, 0, 0, 0, 0, 0, 0, 24, 55, 289
"c:\Users\jorge\Desktop\Proyectos Flutter\bombastik\windows\runner\win32_window.h", "C++", 48, 0, 0, 0, 0, 0, 0, 0, 0, 0, 31, 24, 103
"Total", "-", 559, 68, 17543, 5, 278, 19, 71, 477, 8, 5, 514, 1373, 20920